id,datetime,date,time,headline,author,source,summary,content_snippet,url,image_large,image_small,image_thumb,categories,related_stocks,tags,updated_date
43440937,1738601006,2025-02-03,12:43:26,Spotify Stock Rallies 145% In A Year: Will Q4 Earnings Keep The Music Playing?,Surbhi Jain,Benzinga,"As Spotify (SPOT) reports Q4 earnings, analysts expect $2.06 EPS and $4.15B revenue. Stock up 145.71% in 1YR. Bullish trend but overbought, limited upside per analysts.",,https://www.benzinga.com/general/entertainment/25/02/43440937/spotify-stock-rallies-145-in-a-year-will-q4-earnings-keep-the-music-playing,https://cdn.benzinga.com/files/imagecache/2048x1536xUP/images/story/2025/02/03/The-Spotify-Icon-Is-Displayed-On-A-Smart.jpeg,https://cdn.benzinga.com/files/imagecache/1024x768xUP/images/story/2025/02/03/The-Spotify-Icon-Is-Displayed-On-A-Smart.jpeg,https://cdn.benzinga.com/files/imagecache/250x187xUP/images/story/2025/02/03/The-Spotify-Icon-Is-Displayed-On-A-Smart.jpeg,"Entertainment,Technicals,Previews,Top Stories,Signals,Tech,Trading Ideas,General",SPOT,"Consumer Tech,Expert Ideas,Pro Project,Stories That Matter",2025-02-03 12:43:26
43455509,1738657943,2025-02-04,04:32:23,"Earnings Scheduled For February 4, 2025",Benzinga Insights,Benzinga, ,,https://www.benzinga.com/insights/earnings/25/02/43455509/earnings-scheduled-for-february-4-2025,https://cdn.benzinga.com/files/imagecache/2048x1536xUP/images/story/2023/earnings_image.jpeg,https://cdn.benzinga.com/files/imagecache/1024x768xUP/images/story/2023/earnings_image.jpeg,https://cdn.benzinga.com/files/imagecache/250x187xUP/images/story/2023/earnings_image.jpeg,Earnings,"AAT,ACT,ADM,AFG,ALGT,AMCR,AMD,AME,AMGN,APAM,APO,ARMK,ATEN,ATI,ATKR,ATO,AUDC,AVNW,AXTA,AZEK,AZPN,BALL,BDN,BERY,CF,CMG,CMI,CNC,CNH,COLM,CRUS,CSL,CTS,CVRX,DEI,DOX,DXC,EA,EGHT,EL,ENPH,ENR,ENVA,EPD,ESS,FICO,FLNG,FMC,FOX,FOXA,GBDC,GOOG,GOOGL,GPK,HLNE,HRB,HUBB,ICHR,IESC,IEX,INGR,INMD,INNV,INTA,IT,J,JKHY,JNPR,KE,KKR,KLIC,KTCC,LANC,LARK,LUMN,MAT,MDLZ,MLAB,MOD,MPC,MPLX,MRCY,MRK,MSGS,MTCH,MUFG,MWA,NOV,OCSL,OI,OMC,OSCR,PEP,PFE,PINC,PJT,PNR,PRU,PYPL,RACE,REGN,SKY,SLAB,SNAP,SPG,SPOT,TDG,THG,TRVG,UBS,UNM,VLTO,VOYA,VRNS,WEC,WTW,WU,XYL,ZWS","BZI-UE,Earnings Scheduled",2025-02-04 04:32:24
43457010,1738667368,2025-02-04,07:09:28,CORRECTION: Spotify Technology Q4 Sales EUR 4.242B Beat EUR4.190B Estimate,Benzinga Newsdesk,Benzinga,Spotify Technology (NYSE:SPOT) reported quarterly sales of EUR4.242 billion which beat the analyst consensus estimate of EUR4.190 billion by 1.24 percent. This is a 15.55 percent increase over sales of EUR3.671 billion,,https://www.benzinga.com/news/earnings/25/02/43457010/correction-spotify-technology-q4-sales-eur-4-242b-beat-eur4-190b-estimate,,,,"Earnings,Earnings Beats,News",SPOT,,2025-02-04 07:09:28
43457044,1738667513,2025-02-04,07:11:53,"Spotify Technology Q4 Total MAU +12% YoY To 675M, Premium Subs +11% YoY To 263M, Ad-Supported MAU +12% To 425M",Benzinga Newsdesk,Benzinga,,,https://www.benzinga.com/news/earnings/25/02/43457044/spotify-technology-q4-total-mau-12-yoy-to-675m-premium-subs-11-yoy-to-263m-ad-supported-mau-12-to-4,,,,"Earnings,News",SPOT,,2025-02-04 07:11:54
43457059,1738667594,2025-02-04,07:13:14,Spotify Technology shares are trading higher after the company reported better-than-expected Q4 financial results.,Benzinga Newsdesk,Benzinga,,,https://www.benzinga.com/wiim/25/02/43457059/spotify-technology-shares-are-trading-higher-after-the-company-reported-better-than-expected-q4-fina,,,,WIIM,SPOT,,2025-02-04 07:13:14
43457129,1738667751,2025-02-04,07:15:51,"Spotify Technology Sees Q1 Sales $4.483B vs $4.17B Est. Total MAUs 678M, Total Premium Subs 265M",Benzinga Newsdesk,Benzinga,,,https://www.benzinga.com/news/25/02/43457129/spotify-technology-sees-q1-sales-4-483b-vs-4-17b-est-total-maus-678m-total-premium-subs-265m,,,,"News,Guidance,Hot",SPOT,,2025-02-04 07:15:52
43457338,1738667955,2025-02-04,07:19:15,"Spotify Tech Q4 EPS EUR1.76 Vs, -EUR0.36 YoY",Benzinga Newsdesk,Benzinga,,,https://www.benzinga.com/news/earnings/25/02/43457338/spotify-tech-q4-eps-eur1-76-vs-eur0-36-yoy,,,,"Earnings,News",SPOT,,2025-02-04 07:19:16
43457605,1738669241,2025-02-04,07:40:41,"US Stocks Likely To Open Lower As Trump's Trade War Continues To Impact The Market: 'Volatility Is The Toll We Pay To Invest,' Says Expert",Rishabh Mishra,Benzinga,U.S. stock futures were trading lower on Tuesday after Monday&#39;s decline as the new administration tariffs continued to spook the market.,,https://www.benzinga.com/news/earnings/25/02/43457605/us-stocks-likely-to-open-lower-as-trumps-trade-war-continues-to-impact-the-market-volatility-is-the-toll-we-pay-to-invest-says-expert,https://cdn.benzinga.com/files/imagecache/2048x1536xUP/images/story/2025/02/04/Closeup-Of-Wall-St--Street-Sign-And-Larg.jpeg,https://cdn.benzinga.com/files/imagecache/1024x768xUP/images/story/2025/02/04/Closeup-Of-Wall-St--Street-Sign-And-Larg.jpeg,https://cdn.benzinga.com/files/imagecache/250x187xUP/images/story/2025/02/04/Closeup-Of-Wall-St--Street-Sign-And-Larg.jpeg,"Earnings,Equities,Government,News,Futures,Politics,Economics,Pre-Market Outlook,Markets,Analyst Ratings","AMD,EA,GOOG,GOOGL,ILMN,NXPI,OMI,PEP,PFE,PLTR,PVH,QQQ,SPOT,SPY,TSN,UBS","claudia sheinbaum,Donald Trump,Jeremy Siegel,Justin Trudeau,Ryan Detrick,stocks in focus,Stocks To Watch,US market preview",2025-02-04 07:41:43
43463091,1738678509,2025-02-04,10:15:09,"Top 10 Trending Stocks On WallStreetBets As Of February 4, 2025 (Via Swaggy Stocks)",Benzinga Newsdesk,Benzinga,PLTRNVDAAMDTSLAGOOGLWARGOOGPYPLSPOTSMCIData from https://swaggystocks.com/dashboard/wallstreetbets/ticker-sentiment ,,https://www.benzinga.com/trading-ideas/25/02/43463091/top-10-trending-stocks-on-wallstreetbets-as-of-february-4-2025-via-swaggy-stocks,,,,Trading Ideas,"AMD,GOOG,GOOGL,NVDA,PLTR,PYPL,SMCI,SPOT,TSLA,WAR",,2025-02-04 10:15:09
43463926,1738679623,2025-02-04,10:33:43,"Spotify Q4 Earnings: Revenue Beat, Higher ARPU and Premium Growth Drive Profitability, Issues Strong Q1 Outlook",Anusuya Lahiri,Benzinga,"Spotify Technology (SPOT) stock gained on better-than-expected Q4 2024 results. Revenue up 16%, monthly average users and subscribers beat expectations.",,https://www.benzinga.com/news/earnings/25/02/43463926/spotify-q4-earnings-revenue-beat-higher-arpu-and-premium-growth-drive-profitability-issues-strong-q1-outlook,https://cdn.benzinga.com/files/imagecache/2048x1536xUP/images/story/2025/02/04/Black-Hand-Holding-A-Smartphone-Iphone-W.jpeg,https://cdn.benzinga.com/files/imagecache/1024x768xUP/images/story/2025/02/04/Black-Hand-Holding-A-Smartphone-Iphone-W.jpeg,https://cdn.benzinga.com/files/imagecache/250x187xUP/images/story/2025/02/04/Black-Hand-Holding-A-Smartphone-Iphone-W.jpeg,"Earnings,News,Guidance,Eurozone,Top Stories,Movers,Tech",SPOT,"Briefs,Stories That Matter",2025-02-04 10:33:43
43465063,1738681006,2025-02-04,10:56:46,"Spotify Posts Upbeat Results, Joins Palantir, ATI, Ferrari, Cummins And Other Big Stocks Moving Higher On Tuesday",Avi Kapoor,Benzinga, ,,https://www.benzinga.com/25/02/43465063/spotify-posts-upbeat-results-joins-palantir-ati-ferrari-cummins-and-other-big-stocks-moving-higher-on-tuesday,https://cdn.benzinga.com/files/imagecache/2048x1536xUP/images/story/2025/02/04/Spotify-Users-Discover-Adult-Content-Hid.jpeg,https://cdn.benzinga.com/files/imagecache/1024x768xUP/images/story/2025/02/04/Spotify-Users-Discover-Adult-Content-Hid.jpeg,https://cdn.benzinga.com/files/imagecache/250x187xUP/images/story/2025/02/04/Spotify-Users-Discover-Adult-Content-Hid.jpeg,,"ATI,BKSY,CMI,GRAB,HIMX,LANC,PJT,PLTR,RACE,RGTI,SPOT,XPEV","big gainers,Mid Day Movers",2025-02-04 10:56:47
43473576,1738693706,2025-02-04,14:28:26,"US Stocks Rise Despite China's Trade Fears, Palantir Defies Gravity, Gold Rallies Further: What's Driving Markets Tuesday?",Piero Cingari,Benzinga,"U.S. stocks advanced midday Tuesday, demonstrating resilience despite escalating geopolitical tensions and trade uncertainties between the world’s two largest economies.",,https://www.benzinga.com/economics/macro-economic-events/25/02/43473576/us-stocks-rise-despite-chinas-trade-fears-palantir-defies-gravity-gold-rallies-further-whats-driving-markets-tuesday,https://cdn.benzinga.com/files/imagecache/2048x1536xUP/images/story/2025/02/04/wall-street-photo-by-marek-masik-on-shut.jpeg,https://cdn.benzinga.com/files/imagecache/1024x768xUP/images/story/2025/02/04/wall-street-photo-by-marek-masik-on-shut.jpeg,https://cdn.benzinga.com/files/imagecache/250x187xUP/images/story/2025/02/04/wall-street-photo-by-marek-masik-on-shut.jpeg,"Cryptocurrency,Macro Economic Events,Commodities,Global,Econ #s,Top Stories,Economics,Markets,Tech","$BTC,ADM,AMCR,AMD,AME,AMGN,APO,ARMK,ATI,ATKR,ATO,AXTA,AZPN,BALL,BERY,CMG,CMI,CNC,CNHI,CSL,DIA,EA,EL,ENPH,ENR,EPD,FICO,FOXA,GOOG,GOOGL,GPK,HLNE,HUBB,IEX,ILMN,INGR,INMD,IT,IWM,J,JKHY,KKR,LANC,MDLZ,MLAB,MPC,MPLX,MRK,MSGS,OCSL,PEP,PFE,PINC,PJT,PLTR,PNR,PRU,PVH,PYPL,QQQ,RACE,REGN,SLAB,SPG,SPOT,SPY,TDG,WEC,WTW,XLE,XLK,XLU,XYL","China,Donald Trump,midday report,midday update,Stories That Matter,tariffs",2025-02-04 14:28:27
43474623,1738695775,2025-02-04,15:02:55,Gold Moves Higher; Estée Lauder Shares Slide,Avi Kapoor,Benzinga, ,,https://www.benzinga.com/25/02/43474623/gold-moves-higher-estee-lauder-shares-slide,https://cdn.benzinga.com/files/imagecache/2048x1536xUP/images/story/2025/02/04/Gold.jpeg,https://cdn.benzinga.com/files/imagecache/1024x768xUP/images/story/2025/02/04/Gold.jpeg,https://cdn.benzinga.com/files/imagecache/250x187xUP/images/story/2025/02/04/Gold.jpeg,"Earnings,Equities,News,Eurozone,Commodities,Intraday Update,Markets,Trading Ideas","ATKR,EL,PLTR,QNTM,SPOT,UPC",Mid Afternoon Market Update,2025-02-04 15:02:56
43475015,1738696562,2025-02-04,15:16:02,Spotify Is Still One Of Top 4 Best Ideas For 2025: Analyst,Anusuya Lahiri,Benzinga,Spotify reported strong quarterly earnings. Analysts predict a positive market reaction with solid user and subscriber growth and rising profitability trends.,,https://www.benzinga.com/25/02/43475015/spotifys-strong-subscriber-growth-and-rising-margins-keep-analysts-bullish,https://cdn.benzinga.com/files/imagecache/2048x1536xUP/images/story/2025/02/04/Spotify-Photo-by-esthermm-on-Shutterstoc.jpeg,https://cdn.benzinga.com/files/imagecache/1024x768xUP/images/story/2025/02/04/Spotify-Photo-by-esthermm-on-Shutterstoc.jpeg,https://cdn.benzinga.com/files/imagecache/250x187xUP/images/story/2025/02/04/Spotify-Photo-by-esthermm-on-Shutterstoc.jpeg,"Analyst Color,Entertainment,Equities,News,Price Target,Reiteration,Top Stories,Analyst Ratings,Trading Ideas,General",SPOT,"Briefs,Expert Ideas,Stories That Matter",2025-02-04 15:16:03
43487301,1738741261,2025-02-05,03:41:01,"Nasdaq Jumps Over 1% Despite China's Trade Concerns As Palantir, Spotify Surge: Greed Index Remains In 'Fear' Zone",Avi Kapoor,Benzinga, ,,https://www.benzinga.com/25/02/43487301/nasdaq-jumps-over-1-despite-chinas-trade-concerns-investor-sentiment-improves-but-fear-greed-index-remains-in-fear-zone,https://cdn.benzinga.com/files/imagecache/2048x1536xUP/images/story/2025/02/05/Market-Sentiment--Fear-And-Greed-Index--.jpeg,https://cdn.benzinga.com/files/imagecache/1024x768xUP/images/story/2025/02/05/Market-Sentiment--Fear-And-Greed-Index--.jpeg,https://cdn.benzinga.com/files/imagecache/250x187xUP/images/story/2025/02/05/Market-Sentiment--Fear-And-Greed-Index--.jpeg,"Earnings,News,Pre-Market Outlook,Markets,Trading Ideas","DIS,F,PLTR,SPOT,UBER",CNN Business Fear & Greed Index,2025-02-05 03:41:02
43489453,1738754458,2025-02-05,07:20:58,"US Stocks Likely To Open Lower Following Alphabet, AMD Earnings: Walt Disney, Uber, Ford, Qualcomm In Focus",Rishabh Mishra,Benzinga,U.S. stock futures declined on Wednesday after Tuesday&#39;s advances amid trade war concerns and major earnings reports.,,https://www.benzinga.com/news/earnings/25/02/43489453/us-stocks-likely-to-open-lower-following-alphabet-amd-earnings-walt-disney-uber-ford-qualcomm-in-focus,https://cdn.benzinga.com/files/imagecache/2048x1536xUP/images/story/2025/02/05/5-Stocks-To-Watch-Heading-Into-Thursday.jpeg,https://cdn.benzinga.com/files/imagecache/1024x768xUP/images/story/2025/02/05/5-Stocks-To-Watch-Heading-Into-Thursday.jpeg,https://cdn.benzinga.com/files/imagecache/250x187xUP/images/story/2025/02/05/5-Stocks-To-Watch-Heading-Into-Thursday.jpeg,"Earnings,Equities,News,Economics,Pre-Market Outlook,Markets,Analyst Ratings,ETFs","AMD,CTSH,DIS,F,GOOG,MSTR,PLTR,QCOM,QQQ,SPOT,SPY,TTE,UBER","Blackrock,Carson Research,Donald Trump,Sonu Varghese,stocks in focus,Stocks To Watch,US market preview",2025-02-05 07:20:58
43490227,1738756359,2025-02-05,07:52:39,"Canaccord Genuity Maintains Buy on Spotify Technology, Raises Price Target to $700",Benzinga Newsdesk,Benzinga,Canaccord Genuity  analyst Maria Ripps   maintains Spotify Technology (NYSE:SPOT) with a Buy and raises the price target from $650 to $700.,,https://www.benzinga.com/news/25/02/43490227/canaccord-genuity-maintains-buy-on-spotify-technology-raises-price-target-to-700,,,,"News,Price Target,Analyst Ratings",SPOT,,2025-02-05 07:52:40
43492159,1738759827,2025-02-05,08:50:27,"Guggenheim Maintains Buy on Spotify Technology, Raises Price Target to $675",Benzinga Newsdesk,Benzinga,Guggenheim  analyst Michael Morris   maintains Spotify Technology (NYSE:SPOT) with a Buy and raises the price target from $520 to $675.,,https://www.benzinga.com/news/25/02/43492159/guggenheim-maintains-buy-on-spotify-technology-raises-price-target-to-675,,,,"News,Price Target,Analyst Ratings",SPOT,,2025-02-05 08:50:28
43492456,1738760173,2025-02-05,08:56:13,These Analysts Increase Their Forecasts On Spotify After Q4 Results,Avi Kapoor,Benzinga, ,,https://www.benzinga.com/25/02/43492456/these-analysts-increase-their-forecasts-on-spotify-after-q4-results,https://cdn.benzinga.com/files/imagecache/2048x1536xUP/images/story/2025/02/05/Black-Hand-Holding-A-Smartphone-Iphone-W.jpeg,https://cdn.benzinga.com/files/imagecache/1024x768xUP/images/story/2025/02/05/Black-Hand-Holding-A-Smartphone-Iphone-W.jpeg,https://cdn.benzinga.com/files/imagecache/250x187xUP/images/story/2025/02/05/Black-Hand-Holding-A-Smartphone-Iphone-W.jpeg,"Earnings,News,Price Target,Markets,Analyst Ratings,Trading Ideas",SPOT,PT Changes,2025-02-05 08:56:14
43492475,1738760237,2025-02-05,08:57:17,"Rosenblatt Downgrades Spotify Technology to Neutral, Raises Price Target to $658",Benzinga Newsdesk,Benzinga,Rosenblatt  analyst Barton Crockett   downgrades Spotify Technology (NYSE:SPOT) from Buy to Neutral and raises the price target from $473 to $658.,,https://www.benzinga.com/news/25/02/43492475/rosenblatt-downgrades-spotify-technology-to-neutral-raises-price-target-to-658,,,,"News,Downgrades,Price Target,Analyst Ratings",SPOT,,2025-02-05 08:57:17
43492923,1738760978,2025-02-05,09:09:38,"Morgan Stanley Maintains Overweight on Spotify Technology, Raises Price Target to $670",Benzinga Newsdesk,Benzinga,Morgan Stanley  analyst Manan Gosalia   maintains Spotify Technology (NYSE:SPOT) with a Overweight and raises the price target from $550 to $670.,,https://www.benzinga.com/news/25/02/43492923/morgan-stanley-maintains-overweight-on-spotify-technology-raises-price-target-to-670,,,,"News,Price Target,Analyst Ratings",SPOT,,2025-02-05 09:09:39
43494326,1738763472,2025-02-05,09:51:12,"Barclays Maintains Overweight on Spotify Technology, Raises Price Target to $710",Benzinga Newsdesk,Benzinga,Barclays  analyst Kannan Venkateshwar   maintains Spotify Technology (NYSE:SPOT) with a Overweight and raises the price target from $475 to $710.,,https://www.benzinga.com/news/25/02/43494326/barclays-maintains-overweight-on-spotify-technology-raises-price-target-to-710,,,,"News,Price Target,Analyst Ratings",SPOT,,2025-02-05 09:51:12
43495943,1738766019,2025-02-05,10:33:39,Spotify To Rally Around 13%? Here Are 10 Top Analyst Forecasts For Wednesday,Avi Kapoor,Benzinga, ,,https://www.benzinga.com/analyst-ratings/price-target/25/02/43495943/spotify-to-rally-around-13-here-are-10-top-analyst-forecasts-for-wednesday,https://cdn.benzinga.com/files/imagecache/2048x1536xUP/images/story/2025/02/05/Spotify-Users-Discover-Adult-Content-Hid.jpeg,https://cdn.benzinga.com/files/imagecache/1024x768xUP/images/story/2025/02/05/Spotify-Users-Discover-Adult-Content-Hid.jpeg,https://cdn.benzinga.com/files/imagecache/250x187xUP/images/story/2025/02/05/Spotify-Users-Discover-Adult-Content-Hid.jpeg,"News,Price Target,Markets,Analyst Ratings,Trading Ideas","AMD,CLX,CMG,HLT,JHG,MRCY,SLAB,SNAP,SPOT,TAP","analysts forecasts,PT Changes",2025-02-05 10:33:40
43497142,1738768074,2025-02-05,11:07:54,"Wells Fargo Maintains Overweight on Spotify Technology, Raises Price Target to $690",Benzinga Newsdesk,Benzinga,Wells Fargo  analyst Steven Cahall   maintains Spotify Technology (NYSE:SPOT) with a Overweight and raises the price target from $520 to $690.,,https://www.benzinga.com/news/25/02/43497142/wells-fargo-maintains-overweight-on-spotify-technology-raises-price-target-to-690,,,,"News,Price Target,Analyst Ratings",SPOT,,2025-02-05 11:07:55
43497319,1738768316,2025-02-05,11:11:56,"Keybanc Maintains Overweight on Spotify Technology, Raises Price Target to $675",Benzinga Newsdesk,Benzinga,Keybanc  analyst Justin Patterson   maintains Spotify Technology (NYSE:SPOT) with a Overweight and raises the price target from $600 to $675.,,https://www.benzinga.com/news/25/02/43497319/keybanc-maintains-overweight-on-spotify-technology-raises-price-target-to-675,,,,"News,Price Target,Analyst Ratings",SPOT,,2025-02-05 11:11:56
43498902,1738770583,2025-02-05,11:49:43,"JP Morgan Maintains Overweight on Spotify Technology, Raises Price Target to $730",Benzinga Newsdesk,Benzinga,JP Morgan  analyst Doug Anmuth   maintains Spotify Technology (NYSE:SPOT) with a Overweight and raises the price target from $555 to $730.,,https://www.benzinga.com/news/25/02/43498902/jp-morgan-maintains-overweight-on-spotify-technology-raises-price-target-to-730,,,,"News,Price Target,Analyst Ratings",SPOT,,2025-02-05 11:49:44
43500218,1738772559,2025-02-05,12:22:39,"Benchmark Maintains Buy on Spotify Technology, Raises Price Target to $720",Benzinga Newsdesk,Benzinga,Benchmark  analyst Mark Zgutowicz   maintains Spotify Technology (NYSE:SPOT) with a Buy and raises the price target from $600 to $720.,,https://www.benzinga.com/news/25/02/43500218/benchmark-maintains-buy-on-spotify-technology-raises-price-target-to-720,,,,"News,Price Target,Analyst Ratings",SPOT,,2025-02-05 12:22:40
43506847,1738784414,2025-02-05,15:40:14,"Spotify Analyst Draws Comparison To Apple On Scale, Pricing",Anusuya Lahiri,Benzinga,"Wall Street analysts are bullish on Spotify due to strong subscriber growth, rising margins, and impressive financial results. Price targets have been raised after upbeat quarterly print.",,https://www.benzinga.com/analyst-ratings/downgrades/25/02/43506847/spotify-analyst-draws-comparison-to-apple-on-scale-pricing,https://cdn.benzinga.com/files/imagecache/2048x1536xUP/images/story/2025/02/05/Spotify-logo-with-phone.jpeg,https://cdn.benzinga.com/files/imagecache/1024x768xUP/images/story/2025/02/05/Spotify-logo-with-phone.jpeg,https://cdn.benzinga.com/files/imagecache/250x187xUP/images/story/2025/02/05/Spotify-logo-with-phone.jpeg,"News,Downgrades,Price Target,Reiteration,Analyst Ratings,Trading Ideas",SPOT,"Briefs,Expert Ideas,Stories That Matter",2025-02-05 15:40:15
43518855,1738820391,2025-02-06,01:39:51,"ValueAct's Bet On Meta, Visa, And Spotify Exit In Q3: Was It A Clever Move? (CORRECTED)",Kaustubh Bagalkote,Benzinga,"ValueAct added stakes in Meta, Visa, and Live Nation while exiting Spotify. Since Nov. 14, Meta, Visa, and Live Nation gained, but Spotify jumped 29.40% despite the exit. ",,https://www.benzinga.com/markets/equities/25/02/43518855/jeff-ubbens-valueact-bet-on-meta-visa-and-exited-spotify-in-q3-was-it-a-clever-move,https://cdn.benzinga.com/files/imagecache/2048x1536xUP/images/story/2025/02/06/Shows-Humility_0.jpeg,https://cdn.benzinga.com/files/imagecache/1024x768xUP/images/story/2025/02/06/Shows-Humility_0.jpeg,https://cdn.benzinga.com/files/imagecache/250x187xUP/images/story/2025/02/06/Shows-Humility_0.jpeg,"Equities,News,Markets","CRM,LYV,META,SPOT,V","benzinga neuro,Expert Ideas,Wizards",2025-02-06 21:08:21
43524160,1738843625,2025-02-06,08:07:05,"Spotify And Warner Music Group Announced A New, Multi-year Agreement, Which Covers Both Recorded Music And Music Publishing",Benzinga Newsdesk,Benzinga,"WMG and Spotify will work together to shape the future of audio-visual streaming and enhance the value of music. The new deal will help deliver new fan experiences, a deeper music and video catalog, further paid",,https://www.benzinga.com/general/entertainment/25/02/43524160/spotify-and-warner-music-group-announced-a-new-multi-year-agreement-which-covers-both-recor,,,,"Entertainment,News,Contracts,General","SPOT,WMG",,2025-02-06 08:07:06
43533373,1738856379,2025-02-06,11:39:39,"Warner Music Sees Lower Profit Margins, Signs Multi-Year Spotify Deal",Anusuya Lahiri,Benzinga,"Warner Music Group Corp (WMG) stock fell in premarket after reporting fiscal Q1 2025 results, beating EPS estimates and posting revenue decline.",,https://www.benzinga.com/news/earnings/25/02/43533373/warner-music-sees-lower-profit-margins-signs-multi-year-spotify-deal,https://cdn.benzinga.com/files/imagecache/2048x1536xUP/images/story/2025/02/06/Konskie--Poland---February-05--2024-Warn.jpeg,https://cdn.benzinga.com/files/imagecache/1024x768xUP/images/story/2025/02/06/Konskie--Poland---February-05--2024-Warn.jpeg,https://cdn.benzinga.com/files/imagecache/250x187xUP/images/story/2025/02/06/Konskie--Poland---February-05--2024-Warn.jpeg,"Earnings,M&A,News","SPOT,WMG",Briefs,2025-02-06 11:39:40
43539115,1738865035,2025-02-06,14:03:55,"Goldman Sachs Maintains Buy on Spotify Technology, Raises Price Target to $695",Benzinga Newsdesk,Benzinga,Goldman Sachs  analyst Eric Sheridan   maintains Spotify Technology (NYSE:SPOT) with a Buy and raises the price target from $550 to $695.,,https://www.benzinga.com/news/25/02/43539115/goldman-sachs-maintains-buy-on-spotify-technology-raises-price-target-to-695,,,,"News,Price Target,Analyst Ratings",SPOT,,2025-02-06 14:03:55
43580845,1739110052,2025-02-09,10:07:32,"Palantir, Super Micro Computer And Spotify Are Among Top 10 Large Cap Gainers Last Week (Feb 3-Feb 7): Are The Others In Your Portfolio?",Lekha Gupta,Benzinga,Top performing large-cap stocks last week with strong financial results and raised price forecasts. Are they in your portfolio?,,https://www.benzinga.com/news/large-cap/25/02/43580845/palantir-super-micro-computer-and-spotify-are-among-top-10-large-cap-gainers-last-week-feb-3-feb-7-are-the-others-in-your-portfolio,https://cdn.benzinga.com/files/imagecache/2048x1536xUP/images/story/2025/02/09/Comments-From-Palantirs-CTO.jpeg,https://cdn.benzinga.com/files/imagecache/1024x768xUP/images/story/2025/02/09/Comments-From-Palantirs-CTO.jpeg,https://cdn.benzinga.com/files/imagecache/250x187xUP/images/story/2025/02/09/Comments-From-Palantirs-CTO.jpeg,"Equities,Large Cap,News,Top Stories,Movers,Trading Ideas","AFRM,DOCS,EXPE,MPWR,NET,PINS,PLTR,SMCI,SPOT,TEM","Briefs,why it's moving",2025-02-09 10:07:33
43581128,1739114117,2025-02-09,11:15:17,"Consumer Tech News (Feb 3-Feb 7): Meta Plans Not To Comply With The EU AI Code Of Practice, Apple Raises AppleCare+ Service' Subscription Cost & More",Lekha Gupta,Benzinga,"Federal appeals court skeptical of Alphabet&#39;s efforts to overturn jury verdict in favor of Fortnite-maker Epic Games. Elon Musk&#39;s lawsuit against OpenAI to advance to trial, regarding their transition to a for-profit model. Earnings results from Spotify, Take-Two, and Palantir beat estimates. Apple faces criticism for limited watch faces and rumored product releases in March.",,https://www.benzinga.com/news/large-cap/25/02/43581128/consumer-tech-news-feb-3-feb-7-meta-plans-not-to-comply-with-the-eu-ai-code-of-practice-apple-raises-applecare-service-subscription-cost-more,https://cdn.benzinga.com/files/imagecache/2048x1536xUP/images/story/2025/02/09/Metas-Performance-Based-Cuts.jpeg,https://cdn.benzinga.com/files/imagecache/1024x768xUP/images/story/2025/02/09/Metas-Performance-Based-Cuts.jpeg,https://cdn.benzinga.com/files/imagecache/250x187xUP/images/story/2025/02/09/Metas-Performance-Based-Cuts.jpeg,"Equities,Large Cap,News,Top Stories,Tech","AAPL,AMD,AMZN,GOOG,META,MSFT,NVDA,PLTR,SPOT,SSNLF,TTWO","Briefs,Consumer Tech,Stories That Matter",2025-02-09 11:15:17
43668612,1739383253,2025-02-12,14:00:53,"CNBC Halftime Report Final Trades: Vertiv, Spotify Technology, iShares U.S. Healthcare ETF",Benzinga Newsdesk,Benzinga,,,https://www.benzinga.com/news/25/02/43668612/cnbc-halftime-report-final-trades-vertiv-spotify-technology-ishares-u-s-healthcare-etf,,,,"News,Analyst Ratings,Trading Ideas","IYH,SPOT,VRT",,2025-02-12 14:00:53
43692066,1739453172,2025-02-13,09:26:12,"Spotify, Vertiv Holdings And More: CNBC's 'Final Trades'",Avi Kapoor,Benzinga,"Joseph M. Terranova picked Spotify Technology, which reported better-than-expected fiscal fourth-quarter 2024 financial sales.",,https://www.benzinga.com/trading-ideas/long-ideas/25/02/43692066/spotify-vertiv-holdings-and-more-cnbcs-final-trades,https://cdn.benzinga.com/files/imagecache/2048x1536xUP/images/story/2025/02/13/Spotify-logo-with-phone.jpeg,https://cdn.benzinga.com/files/imagecache/1024x768xUP/images/story/2025/02/13/Spotify-logo-with-phone.jpeg,https://cdn.benzinga.com/files/imagecache/250x187xUP/images/story/2025/02/13/Spotify-logo-with-phone.jpeg,"Long Ideas,News,Markets,Media,Trading Ideas","IYH,SPOT,VRT","CNBC,Halftime Report Final Trades,Shannon Saccocia,Stephen Weiss",2025-02-13 09:26:12
43736423,1739550468,2025-02-14,12:27:48,"Citigroup Maintains Neutral on Spotify Technology, Raises Price Target to $720",Benzinga Newsdesk,Benzinga,Citigroup  analyst Jason Bazinet   maintains Spotify Technology (NYSE:SPOT) with a Neutral and raises the price target from $540 to $720.,,https://www.benzinga.com/news/25/02/43736423/citigroup-maintains-neutral-on-spotify-technology-raises-price-target-to-720,,,,"News,Price Target,Analyst Ratings",SPOT,,2025-02-14 12:27:49
43742983,1739560984,2025-02-14,15:23:04,"Tiger Global Management's Latest 13F Filing Shows Increased Positions In Eli Lilly By 1.31M Shares, Reddit By 2.03M Shares, Coupang By 8.12M Shares, Sherwin-Williams By 1.00M Shares, Spotify By 1.26M Shares; Decreased Holdings In UnitedHealth By 438.8K Shares, Nu Holdings By 8.88M Shares, Uber Technologies By 2.60M Shares, Applied Materials By 895.2K Shares, Novo Nordisk By 1.27M Shares",Benzinga Newsdesk,Benzinga,https://www.sec.gov/Archives/edgar/data/1167483/000091957425001475/xslForm13F_X02/infotable.xml,,https://www.benzinga.com/news/25/02/43742983/tiger-global-managements-latest-13f-filing-shows-increased-positions-in-eli-lilly-by-1-31m-shares-re,,,,News,"AMAT,CPNG,LLY,NU,NVO,RDDT,SHW,SPOT,UBER,UNH",,2025-02-14 15:23:05
43763667,1739784663,2025-02-17,05:31:03,"Spotify's $18 'Music Pro' Subscription Focuses On Superfans, With Content From Taylor Swift, Kendrick Lamar: Report",Kaustubh Bagalkote,Benzinga,"Spotify is set to launch a new premium subscription service &#34;Music Pro&#34; at $18 per month, targeting music enthusiasts with enhanced features.",,https://www.benzinga.com/markets/25/02/43763667/spotifys-18-music-pro-subscription-focuses-on-superfans-with-content-from-taylor-swift-kendrick-lamar-report,https://cdn.benzinga.com/files/imagecache/2048x1536xUP/images/story/2025/02/17/Spotify-Technology-S-A-.jpeg,https://cdn.benzinga.com/files/imagecache/1024x768xUP/images/story/2025/02/17/Spotify-Technology-S-A-.jpeg,https://cdn.benzinga.com/files/imagecache/250x187xUP/images/story/2025/02/17/Spotify-Technology-S-A-.jpeg,"News,Markets,Tech","GOOG,GOOGL,SPOT",benzinga neuro,2025-02-17 05:31:03
43819053,1739985332,2025-02-19,13:15:32,Unpacking the Latest Options Trading Trends in Spotify Technology,Benzinga Insights,Benzinga, ,,https://www.benzinga.com/insights/options/25/02/43819053/unpacking-the-latest-options-trading-trends-in-spotify-technology,https://cdn.benzinga.com/files/imagecache/2048x1536xUP/images/story/2023/movers_image_18.jpeg,https://cdn.benzinga.com/files/imagecache/1024x768xUP/images/story/2023/movers_image_18.jpeg,https://cdn.benzinga.com/files/imagecache/250x187xUP/images/story/2023/movers_image_18.jpeg,"Options,Markets",SPOT,BZI-UOA,2025-02-19 13:15:33
43821154,1739989297,2025-02-19,14:21:37,Meta Remains Tiger Global's Top Holding as Fund Makes Aggressive Tech Bets,Surbhi Jain,Benzinga,Tiger Global Management makes aggressive bets on high-growth tech companies and reduces stakes in insurance and healthcare amid regulatory uncertainties.,,https://www.benzinga.com/trading-ideas/long-ideas/25/02/43821154/meta-remains-tiger-globals-top-holding-as-fund-makes-aggressive-tech-bets,https://cdn.benzinga.com/files/imagecache/2048x1536xUP/images/story/2025/02/20/trader-chart-ai.png,https://cdn.benzinga.com/files/imagecache/1024x768xUP/images/story/2025/02/20/trader-chart-ai.png,https://cdn.benzinga.com/files/imagecache/250x187xUP/images/story/2025/02/20/trader-chart-ai.png,"Long Ideas,Hedge Funds,Top Stories,Tech,Trading Ideas","APO,GOOG,GOOGL,META,MSFT,NU,PDD,RDDT,SPOT,TOST,UNH,ZI,ZS","13F,Chase Coleman,Expert Ideas,KeyProj,Stories That Matter,Tiger Global Management,Wizards",2025-02-20 08:31:06
43894122,1740170140,2025-02-21,16:35:40,Shares of companies in the broader communication sector are trading lower amid overall market weakness on US consumer and economic concerns.,Benzinga Newsdesk,Benzinga,,,https://www.benzinga.com/wiim/25/02/43894122/shares-of-companies-in-the-broader-communication-sector-are-trading-lower-amid-overall-market-weakne,,,,WIIM,"ASTS,DOYU,GIFT,GOOG,GOOGL,GSAT,KUKE,LYT,ONFO,PINS,QMMM,RDDT,ROKU,RUM,SIFY,SOPA,SPOT,TNMG,TRIP,TTD",,2025-02-21 16:35:41
43914506,1740409697,2025-02-24,11:08:17,"Guggenheim Reiterates Buy on Spotify Technology, Maintains $675 Price Target",Benzinga Newsdesk,Benzinga,Guggenheim  analyst Michael Morris   reiterates Spotify Technology (NYSE:SPOT) with a Buy and maintains $675 price target.,,https://www.benzinga.com/news/25/02/43914506/guggenheim-reiterates-buy-on-spotify-technology-maintains-675-price-target,,,,"News,Price Target,Reiteration,Analyst Ratings",SPOT,,2025-02-24 11:08:18
43923684,1740427236,2025-02-24,16:00:36,What the Options Market Tells Us About Spotify Technology,Benzinga Insights,Benzinga, ,,https://www.benzinga.com/insights/options/25/02/43923684/what-the-options-market-tells-us-about-spotify-technology,https://cdn.benzinga.com/files/imagecache/2048x1536xUP/images/story/2023/movers_image_18.jpeg,https://cdn.benzinga.com/files/imagecache/1024x768xUP/images/story/2023/movers_image_18.jpeg,https://cdn.benzinga.com/files/imagecache/250x187xUP/images/story/2023/movers_image_18.jpeg,"Options,Markets",SPOT,BZI-UOA,2025-02-24 16:00:37
43928297,1740435312,2025-02-24,18:15:12,Here's How Much $1000 Invested In Spotify Technology 5 Years Ago Would Be Worth Today,Benzinga Insights,Benzinga, ,,https://www.benzinga.com/insights/news/25/02/43928297/heres-how-much-1000-invested-in-spotify-technology-5-years-ago-would-be-worth-today,https://cdn.benzinga.com/files/imagecache/2048x1536xUP/images/story/2023/valuestock_image_4.jpeg,https://cdn.benzinga.com/files/imagecache/1024x768xUP/images/story/2023/valuestock_image_4.jpeg,https://cdn.benzinga.com/files/imagecache/250x187xUP/images/story/2023/valuestock_image_4.jpeg,"News,Trading Ideas",SPOT,BZI-POD,2025-02-24 18:15:13
43983837,1740593693,2025-02-26,14:14:53,Spotify CEO Wants EU To Penalize Apple For Defying Regulations,Anusuya Lahiri,Benzinga,"Spotify CEO Daniel Ek escalates battle with Apple for allegedly flouting EU&#39;s Big Tech rules, challenges EU to enforce law against Apple.",,https://www.benzinga.com/government/regulations/25/02/43983837/spotify-ceo-wants-eu-to-penalize-apple-for-defying-regulations,https://cdn.benzinga.com/files/imagecache/2048x1536xUP/images/story/2025/02/26/What-Spotify-Said.jpeg,https://cdn.benzinga.com/files/imagecache/1024x768xUP/images/story/2025/02/26/What-Spotify-Said.jpeg,https://cdn.benzinga.com/files/imagecache/250x187xUP/images/story/2025/02/26/What-Spotify-Said.jpeg,"Government,News,Regulations,Eurozone,Legal,Top Stories,Tech,Media","AAPL,SPOT","Briefs,Stories That Matter",2025-02-26 14:14:53
43998792,1740642109,2025-02-27,03:41:49,"YouTube Beats Out Spotify As Top Podcast Platform With 1 Billion Users, CEO Promises Bigger Paydays For Creators",Namrata Sen,Benzinga,"Alphabet Inc.&#39;s (NASDAQ: GOOG) (NASDAQ: GOOGL) YouTube revealed that it has reached over 1 billion monthly active viewers of podcast content, thus outperforming Spotify in podcast consumption.",,https://www.benzinga.com/25/02/43998792/youtube-surpasses-spotify-with-1-billion-monthly-podcast-users-ceo-pledges-enhanced-monetization-for-creators,https://cdn.benzinga.com/files/imagecache/2048x1536xUP/images/story/2025/02/27/YouTube-Photo-by-Ink-Drop-on-Shutterstoc.jpeg,https://cdn.benzinga.com/files/imagecache/1024x768xUP/images/story/2025/02/27/YouTube-Photo-by-Ink-Drop-on-Shutterstoc.jpeg,https://cdn.benzinga.com/files/imagecache/250x187xUP/images/story/2025/02/27/YouTube-Photo-by-Ink-Drop-on-Shutterstoc.jpeg,"News,Markets,Tech","AAPL,GOOG,GOOGL,SPOT","Alphabet,Consumer Tech,Google,Sundar Picahi,YouTube ads",2025-02-27 03:41:50
44031347,1740706795,2025-02-27,21:39:55,Cathie Wood Sells Off Spotify Stock As YouTube Clamors For Podcast Crown,Shivdeep Dhaliwal,Benzinga,"On Thursday, February 27, 2025, Ark Invest sold 6,629 Spotify shares worth $3.9M and made other trades in DE, IRDM, CRM, and ACCD.",,https://www.benzinga.com/25/02/44031347/cathie-wood-sells-off-spotify-stock-as-youtube-clamors-for-podcast-crown,https://cdn.benzinga.com/files/imagecache/2048x1536xUP/images/story/2025/02/27/Other-Key-Trades.jpeg,https://cdn.benzinga.com/files/imagecache/1024x768xUP/images/story/2025/02/27/Other-Key-Trades.jpeg,https://cdn.benzinga.com/files/imagecache/250x187xUP/images/story/2025/02/27/Other-Key-Trades.jpeg,"Equities,News,Markets","AAPL,ARKW,GOOG,GOOGL,SPOT","ark etfs,Ark Invest Management,Cathie Wood,Daniel Ek,Spotify",2025-02-27 21:39:55
44035087,1740729544,2025-02-28,03:59:04,"Activist Investor ValueAct, Once Linked To Steve Ballmer's Microsoft Exit, Bought Meta, Visa, Sold Spotify In Q3: A Smart Bet?",Kaustubh Bagalkote,Benzinga,"Activist investor ValueAct Holdings, L.P., known for its role in Microsoft Corp. leadership changes a decade ago, disclosed significant portfolio adjustments in its third-quarter 13F filing with the Securities and Exchange Commission.",,https://www.benzinga.com/markets/equities/25/02/44035087/activist-investor-valueact-once-linked-to-steve-ballmers-microsoft-exit-bought-meta-visa-sold-spotify-in-q3-a-smart-bet,https://cdn.benzinga.com/files/imagecache/2048x1536xUP/images/story/2025/02/28/Bull-Markets-Last-For-7-9-Years-On-Avera.jpeg,https://cdn.benzinga.com/files/imagecache/1024x768xUP/images/story/2025/02/28/Bull-Markets-Last-For-7-9-Years-On-Avera.jpeg,https://cdn.benzinga.com/files/imagecache/250x187xUP/images/story/2025/02/28/Bull-Markets-Last-For-7-9-Years-On-Avera.jpeg,"Equities,News,Markets","AMZN,META,MSFT,SPOT,V","13F,benzinga neuro,Expert Ideas,Steve Ballmer,ValueAct Holdings,Wizards",2025-02-28 03:59:05
